,Year,Distance,Distance,Distance,Distance,Distance
Age,,18–24,25–64,65–79,6–17,80+
0,Early 2020,,,,24.00964437,
1,Early 2021,43.76792712,,,15.67984585,
2,Early 2022,26.78262121,39.18512855,,,
3,Early 2023,,27.63214147,20.96174018,,
4,Early 2024,,,14.06588833,,10.7456461
5,Early 2025,,,,,7.482006944
